{
	"format_version": "1.21.6",
	"credit": "Made with Blockbench",
	"textures": {
		"0": "item/portalgunn",
		"particle": "item/portal"
	},
	"elements": [
		{
			"from": [7.25, 5, 8],
			"to": [10, 6, 13],
			"rotation": {"angle": 0, "axis": "y", "origin": [7, 4, 7]},
			"faces": {
				"north": {"uv": [0, 6, 3, 7], "texture": "#0"},
				"east": {"uv": [0, 5, 5, 6], "texture": "#0"},
				"south": {"uv": [6, 0, 9, 1], "texture": "#0"},
				"west": {"uv": [5, 5, 10, 6], "texture": "#0"},
				"up": {"uv": [3, 5, 0, 0], "texture": "#0"},
				"down": {"uv": [6, 0, 3, 5], "texture": "#0"}
			}
		},
		{
			"from": [8, 2.5, 6.85],
			"to": [9.25, 3.4, 9.6],
			"rotation": {"angle": -27.5, "axis": "x", "origin": [7, 1.4, 3.6]},
			"faces": {
				"north": {"uv": [11, 5, 12, 6], "texture": "#0"},
				"east": {"uv": [6, 1, 9, 2], "texture": "#0"},
				"south": {"uv": [6, 11, 7, 12], "texture": "#0"},
				"west": {"uv": [6, 2, 9, 3], "texture": "#0"},
				"up": {"uv": [4, 9, 3, 6], "texture": "#0"},
				"down": {"uv": [5, 6, 4, 9], "texture": "#0"}
			}
		},
		{
			"from": [9.2, 5.25, 11.1],
			"to": [9.8, 5.85, 13.1],
			"rotation": {"angle": 0, "axis": "y", "origin": [9.4, 5.15, 11.1]},
			"faces": {
				"north": {"uv": [9, 2, 10, 3], "texture": "#0"},
				"east": {"uv": [6, 3, 8, 4], "texture": "#0"},
				"south": {"uv": [9, 6, 10, 7], "texture": "#0"},
				"west": {"uv": [6, 4, 8, 5], "texture": "#0"},
				"up": {"uv": [6, 8, 5, 6], "texture": "#0"},
				"down": {"uv": [7, 6, 6, 8], "texture": "#0"}
			}
		},
		{
			"from": [8.3, 5.25, 11.1],
			"to": [8.9, 5.85, 13.1],
			"rotation": {"angle": 0, "axis": "y", "origin": [8.5, 5.15, 11.1]},
			"faces": {
				"north": {"uv": [7, 9, 8, 10], "texture": "#0"},
				"east": {"uv": [0, 7, 2, 8], "texture": "#0"},
				"south": {"uv": [8, 9, 9, 10], "texture": "#0"},
				"west": {"uv": [7, 6, 9, 7], "texture": "#0"},
				"up": {"uv": [3, 9, 2, 7], "texture": "#0"},
				"down": {"uv": [8, 7, 7, 9], "texture": "#0"}
			}
		},
		{
			"from": [7.4, 5.25, 11.1],
			"to": [8, 5.85, 13.1],
			"rotation": {"angle": 0, "axis": "y", "origin": [7.6, 5.15, 11.1]},
			"faces": {
				"north": {"uv": [9, 9, 10, 10], "texture": "#0"},
				"east": {"uv": [0, 8, 2, 9], "texture": "#0"},
				"south": {"uv": [0, 10, 1, 11], "texture": "#0"},
				"west": {"uv": [8, 3, 10, 4], "texture": "#0"},
				"up": {"uv": [6, 10, 5, 8], "texture": "#0"},
				"down": {"uv": [7, 8, 6, 10], "texture": "#0"}
			}
		},
		{
			"from": [7.95, 5.55, 9.35],
			"to": [9.4, 6.25, 10.7],
			"rotation": {"angle": 1, "axis": "x", "origin": [8.25, 5.15, 9.35]},
			"faces": {
				"north": {"uv": [10, 0, 11, 1], "texture": "#0"},
				"east": {"uv": [1, 10, 2, 11], "texture": "#0"},
				"south": {"uv": [10, 1, 11, 2], "texture": "#0"},
				"west": {"uv": [10, 2, 11, 3], "texture": "#0"},
				"up": {"uv": [11, 4, 10, 3], "texture": "#0"},
				"down": {"uv": [11, 4, 10, 5], "texture": "#0"}
			}
		},
		{
			"from": [8.25, 4.65, 7.45],
			"to": [9, 5.65, 8.2],
			"rotation": {"angle": -29, "axis": "x", "origin": [8.25, 4.65, 7.45]},
			"faces": {
				"north": {"uv": [5, 10, 6, 11], "texture": "#0"},
				"east": {"uv": [10, 5, 11, 6], "texture": "#0"},
				"south": {"uv": [6, 10, 7, 11], "texture": "#0"},
				"west": {"uv": [10, 6, 11, 7], "texture": "#0"},
				"up": {"uv": [8, 11, 7, 10], "texture": "#0"},
				"down": {"uv": [11, 7, 10, 8], "texture": "#0"}
			}
		},
		{
			"from": [7.75, 5.45, 8.45],
			"to": [9.5, 6.05, 9.2],
			"rotation": {"angle": 1, "axis": "x", "origin": [8.15, 5.05, 8.45]},
			"faces": {
				"north": {"uv": [8, 4, 10, 5], "texture": "#0"},
				"east": {"uv": [8, 10, 9, 11], "texture": "#0"},
				"south": {"uv": [8, 7, 10, 8], "texture": "#0"},
				"west": {"uv": [10, 8, 11, 9], "texture": "#0"},
				"up": {"uv": [10, 9, 8, 8], "texture": "#0"},
				"down": {"uv": [2, 9, 0, 10], "texture": "#0"}
			}
		},
		{
			"from": [7.15, 5.35, 8.5],
			"to": [7.9, 5.65, 9.75],
			"rotation": {"angle": -2, "axis": "y", "origin": [7.15, 4.55, 9.85]},
			"faces": {
				"north": {"uv": [9, 10, 10, 11], "texture": "#0"},
				"east": {"uv": [10, 9, 11, 10], "texture": "#0"},
				"south": {"uv": [10, 10, 11, 11], "texture": "#0"},
				"west": {"uv": [0, 11, 1, 12], "texture": "#0"},
				"up": {"uv": [12, 1, 11, 0], "texture": "#0"},
				"down": {"uv": [2, 11, 1, 12], "texture": "#0"}
			}
		},
		{
			"from": [9.25, 5.35, 8.4],
			"to": [10, 5.55, 9.25],
			"rotation": {"angle": -2, "axis": "y", "origin": [9.25, 4.55, 9.85]},
			"faces": {
				"north": {"uv": [11, 1, 12, 2], "texture": "#0"},
				"east": {"uv": [2, 11, 3, 12], "texture": "#0"},
				"south": {"uv": [11, 2, 12, 3], "texture": "#0"},
				"west": {"uv": [3, 11, 4, 12], "texture": "#0"},
				"up": {"uv": [12, 4, 11, 3], "texture": "#0"},
				"down": {"uv": [5, 11, 4, 12], "texture": "#0"}
			}
		},
		{
			"from": [8.05, 5.55, 9.45],
			"to": [9.3, 7.85, 10.6],
			"rotation": {"angle": 1, "axis": "x", "origin": [8.25, 5.15, 9.35]},
			"faces": {
				"north": {"uv": [9, 0, 10, 2], "texture": "#0"},
				"east": {"uv": [2, 9, 3, 11], "texture": "#0"},
				"south": {"uv": [3, 9, 4, 11], "texture": "#0"},
				"west": {"uv": [4, 9, 5, 11], "texture": "#0"},
				"up": {"uv": [12, 5, 11, 4], "texture": "#0"},
				"down": {"uv": [6, 11, 5, 12], "texture": "#0"}
			}
		}
	],
	"display": {
		"thirdperson_righthand": {
			"rotation": [-140, -0.72, 179.74],
			"translation": [0.75, 3.25, 1.5]
		},
		"thirdperson_lefthand": {
			"rotation": [-140, -0.72, 179.74],
			"translation": [-0.75, 3.25, 1.5]
		},
		"firstperson_righthand": {
			"rotation": [170.75, -0.72, 179.74],
			"translation": [1.25, 5, 1.5],
			"scale": [1.32227, 1.32227, 1.32227]
		},
		"firstperson_lefthand": {
			"rotation": [170.75, -0.72, 179.74],
			"translation": [1.25, 5, 1.5],
			"scale": [1.32227, 1.32227, 1.32227]
		},
		"gui": {
			"rotation": [-88.83, 64.23, 88.99],
			"translation": [-4.75, 3.25, 0],
			"scale": [1.83789, 1.83789, 1.83789]
		},
		"head": {
			"rotation": [170.75, -0.72, 179.74],
			"translation": [1.25, 10.25, -5.5],
			"scale": [1.32227, 1.32227, 1.32227]
		},
		"fixed": {
			"rotation": [-88.83, 64.23, 88.99],
			"translation": [-4.75, 3.25, 0],
			"scale": [1.83789, 1.83789, 1.83789]
		},
		"on_shelf": {
			"rotation": [-88.83, 64.23, 88.99],
			"translation": [-4.75, 3.25, 0],
			"scale": [1.83789, 1.83789, 1.83789]
		}
	},
	"groups": [
		{
			"name": "body",
			"origin": [7, 4, 7],
			"color": 0,
			"children": [0, 1]
		},
		{
			"name": "other",
			"origin": [7, 4, 7],
			"color": 0,
			"children": [2, 3, 4, 5, 6, 7, 8, 9, 10]
		}
	]
}